,song_id,song_name,artist,album,realese_date,popularity
0,31EqF298ZkU9U7DdOds0Zx,Matador,Onda Sabanera,Lluvia de Exitos/Cumbia Hasta las Manos,2007-11-10,42
1,7d4pdMym8ZBOgf1oVPTiPb,Matador - Remasterizado 2008,Los Fabulosos Cadillacs,Vasos Vacíos,1993-06-18,69
2,3MPKkfraGF4YO4kis5PILy,El Campanero,Onda Sabanera,Lluvia de Exitos/Cumbia Hasta las Manos,2007-11-10,47
3,64H5Dy5OI1R6cpoRn4ZM5t,Chacarera Del Sufrido,Raly Barrionuevo,El Sueño De Los Viajeros,2015-08-14,44
4,42e4yW4Xu2e8LdHQK6CnwG,Cacique Yatel,Rubén Patagonia,La Historia - 2da Parte,2006-01-01,23
5,7FxhDl2TtdtWa7P490QGTS,Chacarera Del Rancho,Los Nocheros,Signos,1998-01-01,49
6,47WqMrlBfGBKHQoZsZgZzN,Chacarera del Violín,Néstor Garnica,La Fiesta Del Violinero,2004-04-28,43
7,0aj6FKx25PL3hbhoUQzHNL,El Humahuaqueño / Carnavalito Quebradeño,Los Nocheros,Noche Amiga Mía,2004-01-01,31
8,6bMdAHzPO0ZtXsbTximfpc,El Choclo,Juan D'Arienzo,Serie De Oro: Juan D'Arienzo,2003-01-01,26
9,6B11DcP8lV8vq720QEfC9B,La Yumba - Instrumental,Osvaldo Pugliese,Ausencia,1995-01-01,34
10,2joB3G4b527szRVC6L5VYL,La cumparsita,Juan D'Arienzo,Orquesta Juan D' Arienzo - La cumparsita,1988-06-12,47
11,0yPZHbdIEaotNZk99L0UIA,Desde el alma,Juan D'Arienzo,Orquesta Juan D' Arienzo - La cumparsita,1988-06-12,32
12,6E3WENlXuQq28atvoA2GGV,El Tempano,Juan Carlos Baglietto,Baglietto,1983-01-01,46
13,5abGX6hxDsNQZayzLKQKbG,Campo Afuera,Los Tucu Tucu,20 Temas Exitos,2006-02-01,18
14,6q6FPPStXQzQN3BEYbbmqm,La Oma,Los Cuatro De Cordoba,La Historia,2002-01-01,40
15,7pu69nMDNOCxWrItckvpvU,Convide Rutero,Almafuerte,A Fondo Blanco,1999-12-25,39
16,6z6aUQtuqZzq2tbyVwHO6n,Amores Como el Nuestro,Los Charros,corazon de papel,2011-10-31,63
17,4ObkiTmpsSU31gqGhTb8SH,Balada Del Diablo y La Muerte,La Renga,Despedazado Por Mil Partes,1996-01-01,63
18,7FZeb3WUrCInAITFu9ZLJ8,"Por una Cabeza (From ""Parfum de femme"")",Gerardo Matos Rodriguez,"A Time for Us (Silence, on joue!)",2012-01-31,45
19,0FEY980G19GmeiVBK2AYzA,Juan de la Calle,Chaqueño Palavecino,Juan de la Calle,2004,51
20,76ibxRco0AGhgavIY4zSRh,Wadu Wadu,Virus,Wadu Wadu,1981-04-29,46
21,6R2Gc5UhPYeCDn1tICzw6W,El Probador - Live,Virus,Obras Cumbres,2000,32
22,1dwaWqYsVcNeNYRaV8VdSm,Viva Jujuy,Los Tekis,Mixtura,2010-09-09,41
23,3QHMxEOAGD51PDlbFPHLyJ,Vivir Mi Vida,Marc Anthony,3.0,2013-07-23,76
24,3vCeDhrInX8te6SoaqZbvu,La Dueña del Swing,Los Hermanos Rosario,Latino! Greatest Hits - 56 Latin Top Hits (Original Versions!),2009-12-01,0
25,2rHhKu1hW8uqyr7LSrRn8E,Bandido,Azucar Moreno,Bandido,1990,44
26,7ueEszUgL2WSfqZC31AAiv,Destino de Caminar,Victor Heredia,Entonces,2001-08-30,4
27,7uHO4AmKtyGa5v5fsElGoC,You Spin Me Round (Like a Record),Dead Or Alive,Youthquake,1985-03-26,74
28,41Aoeuvumi2qtF6XEUwzQZ,Aquellos Soldaditos De Plomo,Victor Heredia,De Amor y De Sangre,1995-01-01,0
29,2HHyqgKE4f1BOhJmMfkVF4,Balada - Ao Vivo,Gusttavo Lima,Gusttavo Lima e Você (Ao Vivo),2011-09-20,1
30,51TuEPzSk7uwurgVJWxuh0,Tacatá,The Harmony Group,Fiesta de Verano Hits 2012,2012-06-05,2
31,51gKgOdLRIjIKdf9xSUw3l,Ella No Sigue Modas,The Harmony Group,Fiesta de Verano Hits 2012,2012-06-05,27
32,7DIcFpIgNmzVCL6VCJb01D,Four to the Floor - Thin White Duke Mix,Starsailor,Four To The Floor,2004,37
33,4L4YgYtU6sGzQBdEXm6EM9,Pump It Up - Radio Edit,Danzel,Pump It Up,2004-01-19,0
34,5KtjZBKCKYugGQb8INNXyo,Rosa María,Rumba 7,Lo Mejor en Tinkus (Tinkus Orquestados de Bolivia),2002,21
35,1inzE9vi5EfFlPaMD4FjjJ,Rosa Maria - Tangos,Camaron De La Isla,La leyenda,2004-01-01,0
36,0wODc6MEwLoMsTMwGpxy2F,Bamboleo,Gipsy Kings,Bem Bem Maria,2018-11-13,0
37,2jlXvSTSt0OPeBxjr78Q7k,Nada Tengo de Ti,Los Tucu Tucu,Eternamente Tucu,2008-08-11,42
38,5HIXwsSwowXq6zerUeqD7l,La Llorona,Angelica Vale,Coco (Banda Sonora Original en Español),2017-10-27,61
39,2SpEHTbUuebeLkgs9QB7Ue,Jolene,Dolly Parton,Jolene,1974-02-04,75
40,6XFTgDWeCXkkomVnn8Jrmp,Siento Enloquecer,Angel Mahler,Drácula el Musical,2018-06-01,14
41,5IeNn6wPIke56JVRQJjAxt,Soñar Hasta Enloquecer,Angel Mahler,Drácula el Musical,2018-06-01,20
42,5TLojom0hRkSTWPyJqGFXZ,"The Phantom Of The Opera - Live In Stephansdom, Vienna, Austria / 2008",Sarah Brightman,Symphony: Live In Vienna,2009,39
43,7ixLlCtgYEfGXzzur5mhty,I'd Be Surprisingly Good For You,Andrew Lloyd Webber,Andrew Lloyd Webber 60,2008-01-01,0
44,4PWOQUEfx2dzEJleMs8oDP,Confrontation,Jekyll Hyde,Jekyll & Hyde,2005-08-30,34
45,6Hwtd6XwSy5UGU0RgMhEhx,Alive - Reprise,Hyde,Jekyll & Hyde,2005-08-30,27
46,4G3RmLYNiekM8MF6PBd2Sd,Prologue: Work Song,Les Misérables - Original London Cast,Les Misérables (Original 1985 London Cast Recording),1985-12-31,34
47,3tTM43fOrEEt46y9qjuBBh,Do You Hear the People Sing?,Les Misérables - Original London Cast,Les Misérables (Original 1985 London Cast Recording),1985-12-31,39
48,2NcLlfT0DFJM4c8vjvbqy3,Red & Black,Les Misérables - Original London Cast,Les Misérables (Original 1985 London Cast Recording),1985-12-31,31
49,03m03OVQGPuzt8Rw2r0a7t,Do You Hear The People Sing?,Aaron Tveit,Les Misérables: The Motion Picture Soundtrack Deluxe (Deluxe Edition),2013-01-01,57
50,63T7DJ1AFDD6Bn8VzG6JE8,"Paint It, Black",The Rolling Stones,Aftermath,1966-04-15,79
51,1jzDzZWeSDBg5fhNc3tczV,Paranoid,Black Sabbath,Paranoid (2009 Remastered Version),1970-09-18,78
52,4a0FKVo59iFgye3zjizWPf,Flight of Icarus - Live at Long Beach Arena; 1998 Remaster,Iron Maiden,Live After Death (1998 Remaster),1985,36
53,4P60VVMdkWcwGMBC7r4Kgp,Theme from Rawhide,The Blues Brothers,The Blues Brothers Original Motion Picture Soundtrack,1980,53
54,0DQsfrmX9FLnYbDg5dQCU0,New Orleans,The Blues Brothers,Blues Brothers 2000,1998-01-01,41
55,49fzPkBb3aOUWYRKaTWVhm,Hit the Road Jack,Ray Charles,Georgia On My Mind,2012-02-23,62
56,734y7nJZ0cPOACIoT9kWyV,The Lion From the North,Sabaton,Carolus Rex,2012-05-22,0
57,1AoBoAOHEE2n5iQ99ngKf6,The Ships Are Sailing/The Cup Of Tea,Alan McCartney & Paul Bradley & Jason O'Rourke & Brendan O'Hare & Ray Gallen,Traditional Irish Music From Belfast,2009-03-05,28
58,0ffz9KBdCb7oJkSK0W7bbf,Beelzeboss (The Final Showdown),Tenacious D,The Pick Of Destiny,2006-11-02,61
59,4h302bPIcNoJhlBuYwyYV7,It Must Be You,Dolly Parton,Jolene,1974-02-04,36
60,68qA74EO9cxzSWJwmOjmQR,"Let It Go - From ""Frozen: The Broadway Musical""",Caissie Levy,Frozen: The Broadway Musical (Original Broadway Cast Recording),2018-05-11,47
61,15wnpDEplNZHinPrAwFkzo,Circle Of Life,Ensemble - The Lion King,The Lion King: Original Broadway Cast Recording,1997,0
62,6b0AtCzgnYrb7T84o18V4l,I Won't Back Down,Johnny Cash,American III: Solitary Man,2000-01-01,54
63,1cCaFCpZ8FKdLalzLWrklQ,California Dreamin' - Single Version,The Mamas & The Papas,60's Gold,2006-01-01,0
64,4yrloqLBKS7Pi3z7g2HDga,Somebody to Love,Jefferson Airplane,Best Of,2007-05-05,0
65,2Iib2MV3ECFJAourgP9dlY,La Isla Bonita,Madonna,Celebration (double disc version),2009-09-18,67
66,0xs0ewnEb6c2DlY7LjOD7t,Girls Just Wanna Have Fun,Cyndi Lauper,80s 100 Hits,2010-02-26,56
67,3XC7Jd6SfrQYKZJ6inyRHK,House of the Rising Sun,The Animals,Most of the Animals,1992-02-24,67
68,3Fn6K2roSmzhKzp5BBJKJl,Dos Gardenias,Buena Vista Social Club,Buena Vista Social Club,1997-09-16,1
69,1iXYMhaexRwgbFnWNH0Ijo,Ahonikenk,Rubén Patagonia,Miremos Al Sur,1997-10-05,20
70,6b9iVRI9YfOozuOOSm3jSj,Cali Bonita,Pastor Lopez,"Antología Pastor López, Vol. 1",2017-09-01,35
71,1F4zbhudB8k1kO0oGnWODi,Money Money,Joel Grey,Cabaret,1972-01-01,0
72,0HtY7ILTZVSd4i44FuOrur,Jolene - Dumplin' Remix,Dolly Parton,Dumplin' Original Motion Picture Soundtrack,2018-11-30,51
73,5lIOhDGfy2lQJWWwxBm8L4,Quelqu'un m'a dit,Carla Bruni,Quelqu'un m'a dit,2002-11-05,62
74,0SpBUvk9AbBbeNDY91esXD,I Will Follow Him (From Sister Act),The Dream All Stars,Famous Musical Hits,2014-01-24,45
75,6S7YzdhqrDEbZNGvvJQOqJ,La Yapa,Los Nocheros,Signos,1998-01-01,44
76,0ORtLHewQnV5kADMT8iJiP,Chacarera del Changuito,Hebras,Hebras,2012-12-25,11
77,2OFNudaD0TiwN4PAjLudtm,Samba De Janeiro - Radio Edit,Bellini,Samba De Janeiro (The Original & The Original Remixes),2014-01-01,62
78,29icnqOmGvDWWMx87ZGsV4,Quién Se Ha Tomado Todo el Vino,La Banda Dominguera,La Banda Dominguera,2019-03-26,11
79,4H71d1kJ8DB8J4atO8fbBl,Yo soy aquél,Raphael,Canta...Raphael,1967-12-23,54
80,3xbymP6jIcdN0O2PB420bz,Escándalo,Raphael,Ave Fénix,1992,51
81,6habFhsOp2NvshLv26DqMb,Despacito,Luis Fonsi,VIDA,2019-02-01,80
82,6ztMOMCtWcKZgMTiNfP9bC,No Me Doy Por Vencido,Luis Fonsi,Palabras Del Silencio,2008-01-01,48
83,2yAVzRiEQooPEJ9SYx11L3,Blue (Da Ba Dee) - Gabry Ponte Ice Pop Radio,Eiffel 65,Europop,2011-01-05,77
84,5EYdTPdJD74r9EVZBztqGG,The Bad Touch,Bloodhound Gang,Hooray For Boobies,1999-10-04,72
85,3850dYVgOFIXJh5U4BFEWH,Hung Up,Madonna,Confessions on a Dance Floor,2005-11-11,73
86,55whbebR4olz2HHcRQa2kx,Sorry,Madonna,Confessions on a Dance Floor,2005-11-11,60
87,0Q4L79GJnMRcUPhAvMeS22,Dragostea Din Tei,O-Zone,Big Brother Allstars - Die Sommerfete,2004-01-01,0
88,3trowLiYwwOoiwapLISNyk,No Te Creas Tan Importante - En Vivo,Damas Gratis,No Te Creas Tan Importante (En Vivo),2018-03-23,66
89,5EExhZiAXIqw6M5FFGAiUb,Turn the Beat Around,Gloria Estefan,"Hold Me, Thrill Me, Kiss Me",1994-10-14,46
90,7aHRctaQ7vjxVTVmY8OhAA,We Built This City,Starship,Knee Deep In The Hoopla,1985,3
91,2374M0fQpWi3dLnB54qaLX,Africa,TOTO,Toto IV,1982-04-08,85
92,1z3ugFmUKoCzGsI6jdY4Ci,Like a Prayer,Madonna,Celebration (double disc version),2009-09-18,72
93,5CmYHW6tHT8tPbLef7mjBP,Mirá Como Está La Vagancia,Damas Gratis,Sin Remedio,2005-01-01,55
94,3moLt93VQkbIWR12uxgaEm,Los Dueños de Pabellon,Damas Gratis,20 Grandes Exitos (Remasterizado 2015),2015-02-03,43
95,4sn7bhs2VnB6OVwWJDhLA7,Quiero Vitamina,Damas Gratis,20 Grandes Exitos (Remasterizado 2015),2015-02-03,32
96,1gbL6TqKuJOaUstIvMBMNc,Flashdance...What A Feeling,Irene Cara,Flashdance (Original Soundtrack From The Motion Picture),1983-04-11,0
97,0QKfiqpEU4h9ycPSzIFwYe,Maniac,Michael Sembello,Flashdance (Original Soundtrack From The Motion Picture),1983-04-11,76
98,43DJZnMU894sjYBDx6HHO8,Conmigo Te Gustó,Leo Mattioli,En Directo - Piel Con Piel,2001-08-03,57
99,6KzeUBu1BE8q24CblG6oku,Tramposa Y Mentirosa,Leo Mattioli,Un Homenaje Al Cielo,2000-05-08,61
100,4jDhI4nE32u8meRN1aOu8u,Maria,Blondie,Blondie 4(0)-Ever: Greatest Hits Deluxe Redux / Ghosts Of Download,2013-05-12,62
101,4qO03RMQm88DdpTJcxlglY,Call Me,Blondie,Atomic/Atomix,1999-01-01,70
102,5O5PY5HJNPxD7KyqU0SEhH,Mujer Amante,Rata Blanca,"XX aniversario en vivo - Magos, Espadas y Rosas",2011-06-24,65
103,46nYeZImWSsOebaCUrfEW1,La Leyenda del Hada y el Mago,Rata Blanca,"XX aniversario en vivo - Magos, Espadas y Rosas",2011-06-24,60
104,3YCcsuRdJArE4rsAG5V3sW,Nunca me Faltes,Antonio Rios,El Maestro,1996-04-04,59
105,6BoJ4NZ5NR8UBAYu0HFdVg,Gloria (Carnavalito-Yaravi),Ariel Ramírez,Misa Criolla (Edición aniversario / Remasterizado),1994-12-01,21
106,3vqyauyYbp9MqUwrCEmWJ0,Despacito,Ramon Ayala,Despacito,2017-07-19,49
107,37ZJ0p5Jm13JPevGcx4SkF,Livin' On A Prayer,Bon Jovi,Slippery When Wet,1986-08-16,84
108,1zng9uqqXoPkmU05nsAlsw,Bed Of Roses,Bon Jovi,Keep The Faith,1992-11-03,74
109,0X1sqQ652p1sceKM2nJlIJ,Runaway,Bon Jovi,Bon Jovi,1984-01-01,70
110,1F43XlPBiwAUUIhrUGzylO,Never Ending Story,Limahl,Don't Suppose,2009-09-25,66
111,4S1VYqwfkLit9mKVY3MXoo,Forever Young,Alphaville,Forever Young,1984-09-27,75
112,0qJ3R48B67tI0SMoL9ydQ6,I'm Alive,Johnny Thunder,American Animals (Original Motion Picture Soundtrack),2018-06-22,0
113,5MhsZlmKJG6X5kTHkdwC4B,I'm an Albatraoz,AronChupa,I'm an Albatraoz,2014-08-08,73
114,11Er3qlX9yXQjhvHkmvcBD,"The Flower Duet (From ""Lakmé"")",Katherine Jenkins,Katherine Jenkins / From The Heart,2006-01-01,53
115,3ogea1u33ySkx6egV0bkLI,"Funiculì, funiculà",Giuseppe Turco,The 50 Greatest Vocal Hits,2015-08-31,0
116,0dxij7NXHME26ZpkQpuLGg,La traviata: Libiamo ne'lieti calici (Brindisi),Giuseppe Verdi,The 50 Greatest Vocal Hits,2015-08-31,0
117,1xZVE6ZxXYQdPbxLltV05t,Rigoletto: La donna è mobile,Giuseppe Verdi,The 50 Greatest Vocal Hits,2015-08-31,0
118,0JgLZ2M1fvAmX3arRihWfv,Caruso,Lucio Dalla,The 50 Greatest Vocal Hits,2015-08-31,0
119,0Kc2Qh2cCLliz3v5KzuFiU,The Downeaster 'Alexa',Billy Joel,Greatest Hits Vol. III,1997-06-13,27
120,27m6b42tYaQyZt13yHGoH3,Somewhere Along the Line,Billy Joel,Piano Man,1973-11-09,30
121,78WVLOP9pN0G3gRLFy1rAa,Piano Man,Billy Joel,Piano Man,1973-11-09,68
122,2ySokxMhynpB3Vb8UWKvO0,Mi Perro Dinamita,Patricio Rey y sus Redonditos de Ricota,La Mosca y la Sopa,1991-09-27,54
123,02ZtIbjdZKpvdeUNmY0LWp,El Pibe de los Astilleros,Patricio Rey y sus Redonditos de Ricota,La Mosca y la Sopa,1991-09-27,61
124,2ybNy7okIb11z8czxvxoEg,Luzbelito y las Sirenas,Patricio Rey y sus Redonditos de Ricota,Luzbelito,1996-10-07,48
125,4ys11R56hYtBpYAvYrwh7p,Huellas,Cristina Zivec,Huellas,2019-08-09,0
126,5qqabIl2vWzo9ApSC317sa,Wonderwall - Remastered,Oasis,(What's The Story) Morning Glory? [Remastered],1995-10-02,79
127,6pi8MHD4mXo0ZsL3efLvqq,Fuegos de Octubre,Patricio Rey y sus Redonditos de Ricota,Oktubre,1986-01-10,46
128,1tW6LiJGXGlReuNP38wrKb,Ji Ji Ji,Patricio Rey y sus Redonditos de Ricota,Oktubre,1986-01-10,61
129,3Zf6FUeAVlk0Rk1VIgBHlb,Queso Ruso,Patricio Rey y sus Redonditos de Ricota,La Mosca y la Sopa,1991-09-27,53
130,3qSsdVel7dNcpW4khZejHa,Veneno,La Renga,Despedazado Por Mil Partes,1996-01-01,54
131,3ovjw5HZZv43SxTwApooCM,Wind Of Change,Scorpions,Crazy World,1990-01-01,79
132,1QEEqeFIZktqIpPI4jSVSF,More Than a Feeling,Boston,Boston,1976,80
133,3TieIQTlipul7oxGldyX09,Big in Japan - Single Version; 2019 Remaster,Alphaville,Forever Young (Super Deluxe Edition; 2019 Remaster),1984,61
134,7EFMYtN7FFFNLzxOa9OgGC,Vencedores Vencidos,Patricio Rey y sus Redonditos de Ricota,Un Baión para el Ojo Idiota,1988-09-05,58
135,6Tp87toBJElT237kpPJHka,Tango - Por Una Cabeza,Carlos Gardel,The Silver Violin,2012-01-01,40
136,3hrzlb1ZKYRZ3DSxv8Ji4U,Si Vos Queres,Sudor Marika,Si Vos Queres,2019-08-31,31
137,44ZRUhwJopErgSsvJ8iH7I,Violeta,Alcides,20 Grandes Exitos,2007-09-01,51
138,1ot6jEe4w4hYnsOPjd3xKQ,I'm So Excited,The Pointer Sisters,So Excited! (Expanded Edition),1982-02-01,72
139,5zWZ9iNevP0397xB3jWV2z,Brother Louie,Modern Talking,Ready For Romance,1986,70
140,2X6vHcXDGy5BwlBhDjT71g,Al Jardín De La República,Mercedes Sosa,Con Sabor A Mercedes Sosa,2010-01-01,45
141,5kErKPSPv8EgdZ04R3el1K,It's Raining Men - Single Version,The Weather Girls,It's Raining Men,1982-04-30,61
142,62AkJ5664ea3eq1U35ism7,Hit the Road Jack,The Weather Girls,Playlist: The Best of the Weather Girls,2016-08-19,30
143,38bDGWuyYdSdNfrFfbCiVS,We Didn't Start the Fire,Billy Joel,The Essential Billy Joel,2001-10-02,61
144,2xZfPZxInlDXDKc6NDts8Z,La foule,Édith Piaf,de l'accordeoniste a milord,1986,59
145,4FmiciU3ZmfgABlbCSXcWw,La vie en rose,Édith Piaf,de l'accordeoniste a milord,1986,62
146,194uD6fRM58ztn7Z1Mfyr2,Padam padam,Édith Piaf,Eternelle,1987-10-31,56
147,3dkIE8P7hvl3tHl9KSb6dA,"Non, je ne regrette rien",Édith Piaf,Eternelle,1987-10-31,65
148,63W11KVHDOpSlh3XMQ7qMg,Rock And Roll Part II,Gary Glitter,The Replacements (Music From The Motion Picture),2000-01-01,66
149,3Xls4cNOwy01dtrNXb1inG,White Room,Cream,Wheels Of Fire,1968-07-01,74
150,2QsOO5YLSwejpB3GB56uZ1,The Clansman - Live At Rock in Rio '01,Iron Maiden,Rock In Rio [Live],2002-03-20,42
151,6lgTXW8rlTS4uGlku6SuWI,Johnny B. Goode,Marty McFly,Back To The Future,1985-01-01,36
152,4MHzXgBy7hexDe2Bto11hP,California Dreamin' - 2007 Digital Remaster,The Beach Boys,The Warmth Of The Sun,2007-01-01,43
153,1wrT33b6HuKlpk9ziscEUY,Baby Jane - 2008 Remaster,Rod Stewart,Body Wishes,1983,62
154,2ETAQQzVNh9oSkpn0Jb9on,La Bomba Loca,Gustavo Cordera,Gustavo Cordera en la Caravana Mágica,2010-08-16,54
155,1VkRLxuW1Uiktg5gZS6enZ,Ciudad Mágica,Tan Bionica,Destinologia,2013-01-01,58
156,4XX1pFUkQOZTYp6Hb6a6Ae,Venus,Bananarama,True Confessions (Collector's Edition),1986-01-01,66
157,2aEuA8PSqLa17Y4hKPj5rr,Cheri Cheri Lady,Modern Talking,Let's Talk About Love,1985,68
158,1bNYIF1HZlWJe8ZKmTIFfT,"You're My Heart, You're My Soul '98",Modern Talking,Back For Good,1998,60
159,2ahnofp2LbBWDXcJbMaSTu,"What Is Love - 7"" Mix",Haddaway,What Is Love (Remixes),1993-03-22,73
160,3tjprNHiTDqxlaq86R5yk4,Wanna Be My Lover,Gliese,"80s 90s Music Dance Songs: Las Mejores Canciones, Éxitos Disco Y Música De Los 90 Y 80 Para Bailar",2014-03-20,32
161,2OzSJG7HmZYTiggNoGujZP,Se Me Ha Perdido Un Corazón,Gilda,Los Más Grandes Exitos,2004-01-05,57
162,5XcZRgJv3zMhTqCyESjQrF,Poison,Alice Cooper,Trash,1989-07-25,73
163,2goLsvvODILDzeeiT4dAoR,Believe,Cher,Believe,1998,77
164,1Oxwi0l7RChRxsCghUG3lK,Que Tendrá Ese Petiso,Ricky Maravilla,20 Grandes Exitos,2007-06-02,42
165,0hHTvWEYWhYueCwvEio3p2,¡Cuidado La Bomba!,Ricky Maravilla,20 Grandes Exitos,2007-06-02,31
166,6Tw8PTRYKt5xnOmfHlIQTO,Quiero un Pueblo Que Baile,Ricky Maravilla,"Garganta Con Arena, Ojalá Que No Puedas y Otros",2012-07-23,14
167,4bWdlExSeKAotB6uJwxFlf,Se Parece Más A Ti,Jambao,Separece A Ti,2007-01-01,62
168,3dNA2MGyfZU4rdUVwoWI3V,Te Arrepentirás,Jambao,Sonidero Soy,2000,52
169,2HXNn7MQBhecidoC4h6KgX,Isaac,Madonna,Confessions on a Dance Floor,2005-11-11,47
170,3clsCV1f1E9u1Fge9ntulk,Alejandro,Lady Gaga,The Fame Monster (International Deluxe),2009-11-18,61
171,3NBwVbWQgGaeitzznzWiyI,Alegria,Cirque du Soleil,Alegria,1994,53
172,3yfqSUWxFvZELEM4PmlwIR,The Real Slim Shady,Eminem,The Marshall Mathers LP,2000-05-23,80
173,7bNrnbvRytCjxAhqhqzo0h,A Orillas del Río Dulce,Leandro Lovato,Musiquero,2016-11-23,15
174,00NHHAISgHT0YF4t9uj286,La Pulpera de Santa Lucia,Ginamaría Hidalgo,Ginamaría Hidalgo Cronología - Amar Amando (1974),1974-01-28,13
175,5tjqwBcn9WsaoaqS2oGJq2,Duraznito,Pibes Chorros,Pibes Chorros:Discografía Completa Vol.1,2004-01-01,52
176,7sp3ANvVq6FH67nXb6q1yA,Llegamos Los Pibes Chorros,Pibes Chorros,Pibes Chorros:Discografía Completa Vol.1,2004-01-01,49
177,76resiPGue5Cum9rLUKCj0,Ain't No Mountain High Enough - Mono,Marvin Gaye,Anthology: The Best Of Marvin Gaye,1995-01-01,56
178,0QQHPRbgLJJ5XNzJV1l9BW,María,Ricky Martin,A Medio Vivir,1995-09-12,58
179,734dz1YaFITwawPpM25fSt,Je veux,Zaz,Zaz,2010-05-10,70
180,3P6dtHhJmdg1vfyc8KRLLr,Sweet Thing - 2008 Remaster,Yazoo,You and Me Both (Remastered),1983-07-04,38
181,2ZbmiBfA3nbpJoSlzBKbHk,Around My Dream,Silver Pozzoli,Disco and Dance Hits Made in Italy,2012-11-27,19
182,7rb5qQHrnnwUwS4udW6J8H,Se Dice De Mi,Tita Merello,Serie De Oro,1979-01-01,43
183,2VN7uPrbryJ7nE2MXX3f9a,"Burning Heart - From ""Rocky IV"" Soundtrack",Survivor,Survivor Greatest Hits,1993-01-01,65
184,4Qa5B6UkVBcMua4zWT5j3g,It`s Raining Men (live),The Weather Girls,"Muscles, Men & More",2007-09-19,38
185,3gqvoaaF2xQmQ6uCD48PWY,Ni Más Ni Menos - Remastered 2014,Los Chichos,40 + 1 Aniversario 1973-2014,2014-01-01,49
186,4BNgHaHriMcnpeR7qdkojU,When the Rain Begins to Fall,Jermaine Jackson,Jermaine Jackson (Expanded Edition),1984-04-14,56
187,4LM0QzTZldkZ4TmLtbUIYb,All Shook Up,Billy Joel,Collected Additional Masters,2011-11-08,31
188,4ynh6SYokrNc1E6fHKSTht,Ameno - Remix,ERA,Era I 2002,2002-01-01,56
189,40hIuxoe1aHcfnjOjl6Tkj,The Best - Edit,Tina Turner,Open Arms,2004-10-22,64
190,3ErsOxqe2RmXkR65wkygDz,What's Love Got to Do with It - 2015 Remaster,Tina Turner,Private Dancer (30th Anniversary Issue),1984-05-29,65
191,5JjdJK0uGRUk4skRTuQdUZ,Private Dancer - 2015 Remaster,Tina Turner,Private Dancer (30th Anniversary Issue),1984-05-29,60
192,6gJdDnF2TzfA1WPMXuCa3x,Proud Mary,Tina Turner,What's Love Got to Do with It?,1993,68
193,0r8H7m8knNVn3iUXwQCnVo,Shot Through The Heart,Bon Jovi,Bon Jovi,1984-01-01,55
194,71awpJoi5bqGMBrTkHDDoL,Persiana Americana - Remasterizado 2007,Soda Stereo,Signos (Remastered),1986-10-09,69
195,4xgC8lw1vVS0gJatMDlKAe,She Works Hard for the Money - Live,Donna Summer,VH1 Presents Live & More Encore!,1999-06-21,30
196,497lQdlYvqdGxkbs0O5fPW,Sobreviviendo (with Victor Heredia),La Beriso,Sobreviviendo (with Victor Heredia),2015-10-30,52
197,6zeE5tKyr8Nu882DQhhSQI,Dust in the Wind,Kansas,Point Of Know Return,1977,78
198,7yW7zbnGD9C3ObVPTBW9yQ,Deja la Vida Volar,Rodrigo Montero,Deja la Vida Volar,2020-04-25,24
199,0XHGKdViVybbZKqEZ2tXqV,Beds Are Burning,Midnight Oil,Diesel And Dust,1986,45
200,7AtoMmLJREWLdN30gOBRn6,Pop Corn,Marsheaux,Ebay Queen,2004-06-01,35
201,3KOTtBsb5zxkeMVAzxMgmu,Palomitas de maíz,Los Pekenikes,Pop Corn,1972,35
202,0u5w3ehyNtTgSPvKVMU2xv,La Calle Es Su Lugar,GIT,Vol I,1986-01-01,53
203,5MK642wCaNr9hRDZ3kWyDX,Amor Clasificado,Rodrigo,Soy Cordobes,2011-08-12,55
204,4nuPKo22z8NqAK2oiLtAZS,Oro y plata - En vivo,Noelia Moncada,Encanto Negra (En vivo),2019-06-21,3
205,4y1LsJpmMti1PfRQV9AWWe,Girls Just Want to Have Fun,Cyndi Lauper,She's So Unusual,1983-10-14,78
206,6itU43RZ2hOye1ocIP7xbI,Midnight Radio,Hedwig And The Angry Inch - Original Broadway Cast,Hedwig And The Angry Inch Original Broadway Cast Recording,2014-06-11,25
207,2Rqd2WmHTAxmqkOWW13yCb,Medley Gilda - En Vivo en el Gran Rex,Los Totora,Juntos (En Vivo en el Gran Rex),2019-12-20,48
208,6xepovPqjvrkEw9Y5AMmTm,Lambada - Original Version 1989,Kaoma,Lambada (Les originaux - Les N° 1 de l'été),2007-11-13,68
209,4Fqm5rqB0WMx0hPOwgRjFr,Dreams (Will Come Alive),2 Brothers On The 4th Floor,Dreams,1994,64
210,3x9gN89nlVEX4ApABJIzWn,Bella Señora,Emmanuel,Lo Esencial,2005-02-01,47
211,4u4VElxO7JM4IR4jR4TL1s,Arrival to Earth,Steve Jablonsky,Transformers: The Score,2007-10-01,63
212,08QaHlMPWuO5PUxjl61bXn,He's a Pirate,Klaus Badelt,Pirates of the Caribbean: The Curse of the Black Pearl (Original Motion Picture Soundtrack),2003-07-22,64
213,5K2OuUEVN3eh581IpggOH1,"Por Una Cabeza (From ""Scent Of A Woman"")",Cristina Kiseleff,Epic Movie Music,2016-06-13,5
214,5eWsaeXB1uInflcLm9XvL0,Marcha Turca,Orquesta de Pulso y Pua de la Universidad Complutense de Madrid,Homenaje a Santiago Lopez Hernandez,2015-09-22,11
215,2RChe0r2cMoyOvuKobZy44,Always,Bon Jovi,Cross Road,1994-10-18,77
216,5sgVguJJlA7thC8ybAFOo5,Tonight I'm Yours (Don't Hurt Me),Rod Stewart,Tonight I'm Yours (Expanded Edition),1981,39
217,3tBCmnyX73X9u6fXHmZCC9,Ramón,Kapanga,A 15 Cm De La Realidad,1998-01-01,30
218,6AWlEpAntLxYD3sOQJm3EC,Walk Of Life - Live Version,Dire Straits,On The Night,1993-05-10,45
219,627NtjklwCyGQrTLvTfjeQ,Everlasting,Survivor,Vital Signs,1984-01-01,26
220,5K3fjo3ZqtEYXAonWnGyGS,Chacarera del 55,Rodrigo Montero,Chacarera del 55,2020-05-28,18
221,7mKTEflqf7xb9QZTQDJHou,No One Like You,Scorpions,Deadly Sting: The Mercury Years,1997-07-15,51
222,1bKQ48M9onID2kbSpRy8kK,Send Me An Angel,Scorpions,Crazy World,1990-01-01,70
223,1INWPr855fwWdAOeecbu0W,Let's Twist Again,Chubby Checker,It's Pony Time/Let's Twist Again,1961-01-01,66
224,6zJmq67h7hlhueQhl8Va0V,Gajito de Cedrón,Rodrigo Montero,Gajito de Cedrón,2020-06-24,16
225,3Dgmyz32dxvtxvUTPS0CUI,"Vivaldi Variation (Arr. for Piano from Concerto for Strings in G Minor, RV 156)",Antonio Vivaldi,"Vivaldi Variation (Arr. for Piano from Concerto for Strings in G Minor, RV 156)",2018-10-26,62
226,1KU5EHSz04JhGg3rReGJ0N,Black Velvet,Alannah Myles,Alannah Myles,1989-03-14,72
227,6ofMKJjMpfDEb48JYEAgjX,Husavik (My Hometown),Will Ferrell,Eurovision Song Contest: The Story of Fire Saga (Music from the Netflix Film),2020-06-26,75
228,5avVpUakfMHD6qGpaH26CF,Conquest of Paradise,Vangelis,1492: Conquest of Paradise,1992-09-22,62
